Admin ID,Company ID
GGAKHILESH,GS
GGAKHILESH,MS
GGAKHILESH,ADOBE
GGAKHILESH,AMAZON
GGAKHILESH,FB
GGAKHILESH,CN
GGAKHILESH,GOOGLE
GGAKHILESH,MSTANLEY
GGAKHILESH,TOWER
GGAKHILESH,BENZ
GGAKHILESH,MYNTRA
GGAKHILESH,FLIPKART
GGAKHILESH,XEROX
GGAKHILESH,QCOMM
GGAKHILESH,ZOMATO
GGAKHILESH,SWIGGY
GGAKHILESH,CNINJA
GGAKHILESH,CBLOCKS
GGAKHILESH,ORACLE
GGAKHILESH,TCS
GGAKHILESH,DELL
GGAKHILESH,WMART
GGAKHILESH,PAYTM
GGAGAMDEEP,GS
GGAGAMDEEP,MS
GGAGAMDEEP,ADOBE
GGAGAMDEEP,AMAZON
GGAGAMDEEP,FB
GGAGAMDEEP,CN
GGAGAMDEEP,GOOGLE
GGAGAMDEEP,MSTANLEY
GGAGAMDEEP,TOWER
GGAGAMDEEP,BENZ
GGAGAMDEEP,MYNTRA
GGAGAMDEEP,FLIPKART
GGAGAMDEEP,XEROX
GGAGAMDEEP,QCOMM
GGAGAMDEEP,ZOMATO
GGAGAMDEEP,SWIGGY
GGAGAMDEEP,CNINJA
GGAGAMDEEP,CBLOCKS
GGAGAMDEEP,ORACLE
GGAGAMDEEP,TCS
GGAGAMDEEP,DELL
GGAGAMDEEP,WMART
GGAGAMDEEP,PAYTM
GGPRAKRITI,GS
GGPRAKRITI,MS
GGPRAKRITI,ADOBE
GGPRAKRITI,AMAZON
GGPRAKRITI,FB
GGPRAKRITI,CN
GGPRAKRITI,GOOGLE
GGPRAKRITI,MSTANLEY
GGPRAKRITI,TOWER
GGPRAKRITI,BENZ
GGPRAKRITI,MYNTRA
GGPRAKRITI,FLIPKART
GGPRAKRITI,XEROX
GGPRAKRITI,QCOMM
GGPRAKRITI,ZOMATO
GGPRAKRITI,SWIGGY
GGPRAKRITI,CNINJA
GGPRAKRITI,CBLOCKS
GGPRAKRITI,ORACLE
GGPRAKRITI,TCS
GGPRAKRITI,DELL
GGPRAKRITI,WMART
GGPRAKRITI,PAYTM
GGAKASHJ__,GS
GGAKASHJ__,MS
GGAKASHJ__,ADOBE
GGAKASHJ__,AMAZON
GGAKASHJ__,FB
GGAKASHJ__,CN
GGAKASHJ__,GOOGLE
GGAKASHJ__,MSTANLEY
GGAKASHJ__,TOWER
GGAKASHJ__,BENZ
GGAKASHJ__,MYNTRA
GGAKASHJ__,FLIPKART
GGAKASHJ__,XEROX
GGAKASHJ__,QCOMM
GGAKASHJ__,ZOMATO
GGAKASHJ__,SWIGGY
GGAKASHJ__,CNINJA
GGAKASHJ__,CBLOCKS
GGAKASHJ__,ORACLE
GGAKASHJ__,TCS
GGAKASHJ__,DELL
GGAKASHJ__,WMART
GGAKASHJ__,PAYTM
GGAATISH__,GS
GGAATISH__,MS
GGAATISH__,ADOBE
GGAATISH__,AMAZON
GGAATISH__,FB
GGAATISH__,CN
GGAATISH__,GOOGLE
GGAATISH__,MSTANLEY
GGAATISH__,TOWER
GGAATISH__,BENZ
GGAATISH__,MYNTRA
GGAATISH__,FLIPKART
GGAATISH__,XEROX
GGAATISH__,QCOMM
GGAATISH__,ZOMATO
GGAATISH__,SWIGGY
GGAATISH__,CNINJA
GGAATISH__,CBLOCKS
GGAATISH__,ORACLE
GGAATISH__,TCS
GGAATISH__,DELL
GGAATISH__,WMART
GGAATISH__,PAYTM