Admin ID,Faculty ID
GGAKHILESH,IIITD001
GGAKHILESH,IIITD002
GGAKHILESH,IIITD003
GGAKHILESH,IIITD004
GGAKHILESH,IIITD005
GGAKHILESH,IIITD006
GGAKHILESH,IIITD007
GGAKHILESH,IIITD008
GGAKHILESH,IIITD009
GGAKHILESH,IIITD010
GGAKHILESH,IIITD011
GGAKHILESH,IIITD012
GGAKHILESH,IIITD013
GGAKHILESH,IIITD014
GGAKHILESH,NSUT001
GGAKHILESH,NSUT002
GGAKHILESH,NSUT003
GGAKHILESH,NSUT004
GGAKHILESH,NSUT005
GGAKHILESH,NSUT006
GGAKHILESH,NSUT007
GGAKHILESH,NSUT008
GGAKHILESH,NSUT009
GGAKHILESH,NSUT010
GGAKHILESH,NSUT011
GGAKHILESH,DTU001
GGAKHILESH,LPU001
GGAKHILESH,AMITYN001
GGAKHILESH,AMITYG001
GGAKHILESH,THAPAR001
GGAKHILESH,PEC001
GGAKHILESH,IITD001
GGAKHILESH,SNU001
GGAGAMDEEP,IIITD001
GGAGAMDEEP,IIITD002
GGAGAMDEEP,IIITD003
GGAGAMDEEP,IIITD004
GGAGAMDEEP,IIITD005
GGAGAMDEEP,IIITD006
GGAGAMDEEP,IIITD007
GGAGAMDEEP,IIITD008
GGAGAMDEEP,IIITD009
GGAGAMDEEP,IIITD010
GGAGAMDEEP,IIITD011
GGAGAMDEEP,IIITD012
GGAGAMDEEP,IIITD013
GGAGAMDEEP,IIITD014
GGAGAMDEEP,NSUT001
GGAGAMDEEP,NSUT002
GGAGAMDEEP,NSUT003
GGAGAMDEEP,NSUT004
GGAGAMDEEP,NSUT005
GGAGAMDEEP,NSUT006
GGAGAMDEEP,NSUT007
GGAGAMDEEP,NSUT008
GGAGAMDEEP,NSUT009
GGAGAMDEEP,NSUT010
GGAGAMDEEP,NSUT011
GGAGAMDEEP,DTU001
GGAGAMDEEP,LPU001
GGAGAMDEEP,AMITYN001
GGAGAMDEEP,AMITYG001
GGAGAMDEEP,THAPAR001
GGAGAMDEEP,PEC001
GGAGAMDEEP,IITD001
GGAGAMDEEP,SNU001
GGPRAKRITI,IIITD001
GGPRAKRITI,IIITD002
GGPRAKRITI,IIITD003
GGPRAKRITI,IIITD004
GGPRAKRITI,IIITD005
GGPRAKRITI,IIITD006
GGPRAKRITI,IIITD007
GGPRAKRITI,IIITD008
GGPRAKRITI,IIITD009
GGPRAKRITI,IIITD010
GGPRAKRITI,IIITD011
GGPRAKRITI,IIITD012
GGPRAKRITI,IIITD013
GGPRAKRITI,IIITD014
GGPRAKRITI,NSUT001
GGPRAKRITI,NSUT002
GGPRAKRITI,NSUT003
GGPRAKRITI,NSUT004
GGPRAKRITI,NSUT005
GGPRAKRITI,NSUT006
GGPRAKRITI,NSUT007
GGPRAKRITI,NSUT008
GGPRAKRITI,NSUT009
GGPRAKRITI,NSUT010
GGPRAKRITI,NSUT011
GGPRAKRITI,DTU001
GGPRAKRITI,LPU001
GGPRAKRITI,AMITYN001
GGPRAKRITI,AMITYG001
GGPRAKRITI,THAPAR001
GGPRAKRITI,PEC001
GGPRAKRITI,IITD001
GGPRAKRITI,SNU001
GGAKASHJ__,IIITD001
GGAKASHJ__,IIITD002
GGAKASHJ__,IIITD003
GGAKASHJ__,IIITD004
GGAKASHJ__,IIITD005
GGAKASHJ__,IIITD006
GGAKASHJ__,IIITD007
GGAKASHJ__,IIITD008
GGAKASHJ__,IIITD009
GGAKASHJ__,IIITD010
GGAKASHJ__,IIITD011
GGAKASHJ__,IIITD012
GGAKASHJ__,IIITD013
GGAKASHJ__,IIITD014
GGAKASHJ__,NSUT001
GGAKASHJ__,NSUT002
GGAKASHJ__,NSUT003
GGAKASHJ__,NSUT004
GGAKASHJ__,NSUT005
GGAKASHJ__,NSUT006
GGAKASHJ__,NSUT007
GGAKASHJ__,NSUT008
GGAKASHJ__,NSUT009
GGAKASHJ__,NSUT010
GGAKASHJ__,NSUT011
GGAKASHJ__,DTU001
GGAKASHJ__,LPU001
GGAKASHJ__,AMITYN001
GGAKASHJ__,AMITYG001
GGAKASHJ__,THAPAR001
GGAKASHJ__,PEC001
GGAKASHJ__,IITD001
GGAKASHJ__,SNU001
GGAATISH__,IIITD001
GGAATISH__,IIITD002
GGAATISH__,IIITD003
GGAATISH__,IIITD004
GGAATISH__,IIITD005
GGAATISH__,IIITD006
GGAATISH__,IIITD007
GGAATISH__,IIITD008
GGAATISH__,IIITD009
GGAATISH__,IIITD010
GGAATISH__,IIITD011
GGAATISH__,IIITD012
GGAATISH__,IIITD013
GGAATISH__,IIITD014
GGAATISH__,NSUT001
GGAATISH__,NSUT002
GGAATISH__,NSUT003
GGAATISH__,NSUT004
GGAATISH__,NSUT005
GGAATISH__,NSUT006
GGAATISH__,NSUT007
GGAATISH__,NSUT008
GGAATISH__,NSUT009
GGAATISH__,NSUT010
GGAATISH__,NSUT011
GGAATISH__,DTU001
GGAATISH__,LPU001
GGAATISH__,AMITYN001
GGAATISH__,AMITYG001
GGAATISH__,THAPAR001
GGAATISH__,PEC001
GGAATISH__,IITD001
GGAATISH__,SNU001